thread_id,timestamp,user_query,response
1,15:38:53,hi,Hello! How can I assist you today?
1,15:39:29,you can assist me ?,Absolutely! What do you need help with?
1,16:22:26,hi,Hello! How can I assist you today?
1,16:22:47,you can actually help me?,Absolutely! What do you need help with?
1,16:24:43,ok what type of can yo do for me?,"I can assist you with a variety of tasks, including:

1. **Answering Questions**: I can provide information on a wide range of topics.
2. **Research**: I can look up current events, policies, or specific information you need.
3. **Data Queries**: I can access databases to retrieve specific data or insights.
4. **Story Lookup**: I can find information or summaries from fictional stories.
5. **Travel Information**: I can help with travel-related queries, including airline policies.

Let me know what you need, and I'll do my best to help!"
1,19:29:56,,Hello! How can I assist you today?
1,20:12:06,hi,Hello! How can I assist you today?
1,20:14:05,hi,Hi again! How can I help you?
1,20:18:52,hi,Hello! How can I assist you today?
1,20:32:47,hi,Hello! How can I assist you today?
1,22:12:53,,Hello! How can I assist you today?
1,22:15:19,hello,Hello! How can I assist you today?
1,22:20:41,hello,Hello! How can I assist you today?
1,22:39:55,hi,Hello! How can I assist you today?
1,22:53:31,hello,Hello! How can I assist you today?
1,23:01:06,HI,Hello! How can I assist you today?
1,23:17:59,hi,Hello! How can I assist you today?
1,23:18:38,hi,Hello! How can I assist you today?
1,23:22:29,hi,Hello! How can I assist you today?
1,23:24:31,hi,Hello! How can I assist you today?
1,23:29:32,hi,Hello! How can I assist you today?
1,23:32:28,hi,Hello! How can I assist you today?
1,23:36:42,hi,Hi again! How can I help you?
1,23:38:53,hi,Hello! How can I assist you today?
1,23:42:32,hi,Hello! How can I assist you today?
1,23:46:52,,Hello! How can I assist you today?
